Navn,Sted,Org.nr,Bransje,Ansatte,Google-søk,E-post,Telefon,Nettside,Potensial
ARKTEK VVS AS,VESTBY,931913980,VVS/Rørlegger,56,https://www.google.com/search?q=ARKTEK+VVS+AS+VESTBY+epost,,,,Middels
AS REIERSEN VVS,KRISTIANSAND S,929189175,VVS/Rørlegger,10,https://www.google.com/search?q=AS+REIERSEN+VVS+KRISTIANSAND S+epost,,,,Middels
ATI VVS AS,ARENDAL,927992523,VVS/Rørlegger,11,https://www.google.com/search?q=ATI+VVS+AS+ARENDAL+epost,,,,Middels
BAKKEN VVS AS,KYRKSÆTERØRA,879904382,VVS/Rørlegger,10,https://www.google.com/search?q=BAKKEN+VVS+AS+KYRKSÆTERØRA+epost,,,,Middels
BERGAAS VVS AS,DRAMMEN,917273774,VVS/Rørlegger,11,https://www.google.com/search?q=BERGAAS+VVS+AS+DRAMMEN+epost,,,,Middels
BETA VVS AS,OSLO,924454946,VVS/Rørlegger,13,https://www.google.com/search?q=BETA+VVS+AS+OSLO+epost,,,,Middels
BKS VVS AS,STRAUME,917226296,VVS/Rørlegger,35,https://www.google.com/search?q=BKS+VVS+AS+STRAUME+epost,,,,Middels
BROVOLD VVS AS,EIDE,918588051,VVS/Rørlegger,10,https://www.google.com/search?q=BROVOLD+VVS+AS+EIDE+epost,,,,Middels
CENTRUM VVS AS,ARENDAL,959198861,VVS/Rørlegger,10,https://www.google.com/search?q=CENTRUM+VVS+AS+ARENDAL+epost,,,,Middels
FREMJE VVS AS,DRAMMEN,930067741,VVS/Rørlegger,12,https://www.google.com/search?q=FREMJE+VVS+AS+DRAMMEN+epost,,,,Middels
FUNKSJONELL VVS AS,OSLO,944550739,VVS/Rørlegger,10,https://www.google.com/search?q=FUNKSJONELL+VVS+AS+OSLO+epost,,,,Middels
GJØEN VVS AS,ÅGOTNES,915299490,VVS/Rørlegger,12,https://www.google.com/search?q=GJØEN+VVS+AS+ÅGOTNES+epost,,,,Middels
GRAN VVS AS,REVETAL,985249962,VVS/Rørlegger,94,https://www.google.com/search?q=GRAN+VVS+AS+REVETAL+epost,,,,Middels
GRANNES VVS AS,NAMSOS,976717015,VVS/Rørlegger,21,https://www.google.com/search?q=GRANNES+VVS+AS+NAMSOS+epost,,,,Middels
HAGELSTEEN VVS AS,KROKKLEIVA,999266711,VVS/Rørlegger,13,https://www.google.com/search?q=HAGELSTEEN+VVS+AS+KROKKLEIVA+epost,,,,Middels
HARALDS VVS AS,TILLER,980859762,VVS/Rørlegger,23,https://www.google.com/search?q=HARALDS+VVS+AS+TILLER+epost,,,,Middels
HAUGESTØL VVS AS,BØ I TELEMARK,980993035,VVS/Rørlegger,12,https://www.google.com/search?q=HAUGESTØL+VVS+AS+BØ I TELEMARK+epost,,,,Middels
HAUGLAND VVS AS,VENNESLA,979987900,VVS/Rørlegger,11,https://www.google.com/search?q=HAUGLAND+VVS+AS+VENNESLA+epost,,,,Middels
HJELMÅS VVS AS,EIKANGERVÅG,988410586,VVS/Rørlegger,31,https://www.google.com/search?q=HJELMÅS+VVS+AS+EIKANGERVÅG+epost,,,,Middels
HOLM VVS AS,FJERDINGBY,916155034,VVS/Rørlegger,10,https://www.google.com/search?q=HOLM+VVS+AS+FJERDINGBY+epost,,,,Middels
HØNEFOSS VVS AS,HØNEFOSS,923789553,VVS/Rørlegger,16,https://www.google.com/search?q=HØNEFOSS+VVS+AS+HØNEFOSS+epost,,,,Middels
IGN VVS AS,OSLO,914743834,VVS/Rørlegger,12,https://www.google.com/search?q=IGN+VVS+AS+OSLO+epost,,,,Middels
KALVENES VVS AS,ULSET,876717832,VVS/Rørlegger,12,https://www.google.com/search?q=KALVENES+VVS+AS+ULSET+epost,,,,Middels
KARASJOK VVS AS,KARASJOK,987767308,VVS/Rørlegger,12,https://www.google.com/search?q=KARASJOK+VVS+AS+KARASJOK+epost,,,,Middels
KESS VVS AS,KLEPPESTØ,928099946,VVS/Rørlegger,10,https://www.google.com/search?q=KESS+VVS+AS+KLEPPESTØ+epost,,,,Middels
LYSEBO VVS AS,HELGEROA,987255749,VVS/Rørlegger,14,https://www.google.com/search?q=LYSEBO+VVS+AS+HELGEROA+epost,,,,Middels
LØHRE VVS AS,STØREN,980397009,VVS/Rørlegger,19,https://www.google.com/search?q=LØHRE+VVS+AS+STØREN+epost,,,,Middels
LØKEN VVS AS,TRYSIL,820986822,VVS/Rørlegger,10,https://www.google.com/search?q=LØKEN+VVS+AS+TRYSIL+epost,,,,Middels
MYRER VVS AS,OSLO,995641569,VVS/Rørlegger,11,https://www.google.com/search?q=MYRER+VVS+AS+OSLO+epost,,,,Middels
NORDSTRAND-VVS AS,VALDERØYA,988194751,VVS/Rørlegger,18,https://www.google.com/search?q=NORDSTRAND-VVS+AS+VALDERØYA+epost,,,,Middels
POSEIDON VVS AS,TROMSØ,999584926,VVS/Rørlegger,10,https://www.google.com/search?q=POSEIDON+VVS+AS+TROMSØ+epost,,,,Middels
PROTEK VVS AS,TILLER,933804127,VVS/Rørlegger,12,https://www.google.com/search?q=PROTEK+VVS+AS+TILLER+epost,,,,Middels
RASJONELL VVS AS,MOSS,924205075,VVS/Rørlegger,11,https://www.google.com/search?q=RASJONELL+VVS+AS+MOSS+epost,,,,Middels
ROGNSTAD VVS AS,HURDAL,979938217,VVS/Rørlegger,20,https://www.google.com/search?q=ROGNSTAD+VVS+AS+HURDAL+epost,,,,Middels
RUTLE VVS AS,KINSARVIK,975963764,VVS/Rørlegger,10,https://www.google.com/search?q=RUTLE+VVS+AS+KINSARVIK+epost,,,,Middels
RYEN VVS AS,OSLO,911910292,VVS/Rørlegger,16,https://www.google.com/search?q=RYEN+VVS+AS+OSLO+epost,,,,Middels
RØN VVS AS,RØN,979517130,VVS/Rørlegger,14,https://www.google.com/search?q=RØN+VVS+AS+RØN+epost,,,,Middels
RØRTEKNIKK VVS AS,OSLO,974281023,VVS/Rørlegger,15,https://www.google.com/search?q=RØRTEKNIKK+VVS+AS+OSLO+epost,,,,Middels
SCAN VVS AS,SANDNES,999136613,VVS/Rørlegger,36,https://www.google.com/search?q=SCAN+VVS+AS+SANDNES+epost,,,,Middels
SKI VVS AS,SKI,866320802,VVS/Rørlegger,23,https://www.google.com/search?q=SKI+VVS+AS+SKI+epost,,,,Middels
SOLUTEC VVS AS,LYSAKER,915010660,VVS/Rørlegger,15,https://www.google.com/search?q=SOLUTEC+VVS+AS+LYSAKER+epost,,,,Middels
STENDAL VVS AS,ALVERSUND,980626180,VVS/Rørlegger,11,https://www.google.com/search?q=STENDAL+VVS+AS+ALVERSUND+epost,,,,Middels
STORM VVS AS,MOSS,984573642,VVS/Rørlegger,13,https://www.google.com/search?q=STORM+VVS+AS+MOSS+epost,,,,Middels
SVANEVIK VVS AS,LAKSEVÅG,922602794,VVS/Rørlegger,12,https://www.google.com/search?q=SVANEVIK+VVS+AS+LAKSEVÅG+epost,,,,Middels
TRONDHEIM VVS AS,FLATÅSEN,935505836,VVS/Rørlegger,21,https://www.google.com/search?q=TRONDHEIM+VVS+AS+FLATÅSEN+epost,,,,Middels
TRYGG VVS AS,OSLO,998380448,VVS/Rørlegger,40,https://www.google.com/search?q=TRYGG+VVS+AS+OSLO+epost,,,,Middels
VINSRYGG VVS AS,STRYN,911820676,VVS/Rørlegger,10,https://www.google.com/search?q=VINSRYGG+VVS+AS+STRYN+epost,,,,Middels
VOSS VVS AS,VOSS,989319418,VVS/Rørlegger,11,https://www.google.com/search?q=VOSS+VVS+AS+VOSS+epost,,,,Middels
VVS BØMLO AS,BREMNES,968605089,VVS/Rørlegger,31,https://www.google.com/search?q=VVS+BØMLO+AS+BREMNES+epost,,,,Middels
VVS ENERGY AS,GEILO,926569376,VVS/Rørlegger,15,https://www.google.com/search?q=VVS+ENERGY+AS+GEILO+epost,,,,Middels
VVS FAG AS,SKOGSVÅG,942204345,VVS/Rørlegger,10,https://www.google.com/search?q=VVS+FAG+AS+SKOGSVÅG+epost,,,,Middels
VVS FINANS AS,HAGAN,950836792,VVS/Rørlegger,15,https://www.google.com/search?q=VVS+FINANS+AS+HAGAN+epost,,,,Middels
VVS GRUPPEN AS,OSLO,982677416,VVS/Rørlegger,34,https://www.google.com/search?q=VVS+GRUPPEN+AS+OSLO+epost,,,,Middels
VVS SERVICE AS,LONGYEARBYEN,898573532,VVS/Rørlegger,14,https://www.google.com/search?q=VVS+SERVICE+AS+LONGYEARBYEN+epost,,,,Middels
VVS SØR AS,BJORBEKK,928900495,VVS/Rørlegger,20,https://www.google.com/search?q=VVS+SØR+AS+BJORBEKK+epost,,,,Middels
VVS-MILJØ AS,GOL,966509287,VVS/Rørlegger,22,https://www.google.com/search?q=VVS-MILJØ+AS+GOL+epost,,,,Middels
VVS-TEAM AS,MOLDE,950496215,VVS/Rørlegger,18,https://www.google.com/search?q=VVS-TEAM+AS+MOLDE+epost,,,,Middels
WARMBRODT VVS AS,LINDESNES,994501267,VVS/Rørlegger,11,https://www.google.com/search?q=WARMBRODT+VVS+AS+LINDESNES+epost,,,,Middels
ØSTLANDSKE VVS AS,OSLO,984235763,VVS/Rørlegger,48,https://www.google.com/search?q=ØSTLANDSKE+VVS+AS+OSLO+epost,,,,Middels
AAMODT VVS AS,SØGNE,980679551,VVS/Rørlegger,46,https://www.google.com/search?q=AAMODT+VVS+AS+SØGNE+epost,,,,Middels
BAD & VVS BERGEN AS,EIDSVÅGNESET,934921259,VVS/Rørlegger,11,https://www.google.com/search?q=BAD+&+VVS+BERGEN+AS+EIDSVÅGNESET+epost,,,,Middels
FLOW MEISINGSET VVS AS,ØSTERÅS,917921490,VVS/Rørlegger,36,https://www.google.com/search?q=FLOW+MEISINGSET+VVS+AS+ØSTERÅS+epost,,,,Middels
FLOW TRØNDELAG VVS AS,TRONDHEIM,817921892,VVS/Rørlegger,64,https://www.google.com/search?q=FLOW+TRØNDELAG+VVS+AS+TRONDHEIM+epost,,,,Middels
GREVSTAD & TVEDT VVS AS,BERGEN,920215742,VVS/Rørlegger,67,https://www.google.com/search?q=GREVSTAD+&+TVEDT+VVS+AS+BERGEN+epost,,,,Middels
H GRANBO VVS AS,LEINSTRAND,929081323,VVS/Rørlegger,51,https://www.google.com/search?q=H+GRANBO+VVS+AS+LEINSTRAND+epost,,,,Middels
HANESETH VVS BODØ AS,BODØ,920623689,VVS/Rørlegger,22,https://www.google.com/search?q=HANESETH+VVS+BODØ+AS+BODØ+epost,,,,Middels
HANESETH VVS NARVIK AS,NARVIK,925904635,VVS/Rørlegger,11,https://www.google.com/search?q=HANESETH+VVS+NARVIK+AS+NARVIK+epost,,,,Middels
HANESETH VVS SORTLAND AS,SORTLAND,925181935,VVS/Rørlegger,16,https://www.google.com/search?q=HANESETH+VVS+SORTLAND+AS+SORTLAND+epost,,,,Middels
KJETIL BRINGSVERD VVS AS,FROLAND,914989256,VVS/Rørlegger,14,https://www.google.com/search?q=KJETIL+BRINGSVERD+VVS+AS+FROLAND+epost,,,,Middels
MERCUR VVS ENTREPRENØR AS,OSLO,920015239,VVS/Rørlegger,26,https://www.google.com/search?q=MERCUR+VVS+ENTREPRENØR+AS+OSLO+epost,,,,Middels
NORSK VVS-MERKING AS,SANDEFJORD,976551826,VVS/Rørlegger,10,https://www.google.com/search?q=NORSK+VVS-MERKING+AS+SANDEFJORD+epost,,,,Middels
OL TO VVS AS,VENNESLA,983232108,VVS/Rørlegger,36,https://www.google.com/search?q=OL+TO+VVS+AS+VENNESLA+epost,,,,Middels
OPPDAL VVS A/S,OPPDAL,947452517,VVS/Rørlegger,12,https://www.google.com/search?q=OPPDAL+VVS+A/S+OPPDAL+epost,,,,Middels
OSLO VVS SENTER AS,OSLO,974698250,VVS/Rørlegger,20,https://www.google.com/search?q=OSLO+VVS+SENTER+AS+OSLO+epost,,,,Middels
OSLO VVS SERVICE AS,OSLO,957810950,VVS/Rørlegger,43,https://www.google.com/search?q=OSLO+VVS+SERVICE+AS+OSLO+epost,,,,Middels
RJUKAN VVS & ELEKTRO AS,RJUKAN,982142601,VVS/Rørlegger,28,https://www.google.com/search?q=RJUKAN+VVS+&+ELEKTRO+AS+RJUKAN+epost,,,,Middels
RØRLEGGERFIRMA VVS-PROFFEN AS,NARVIK,981580915,VVS/Rørlegger,10,https://www.google.com/search?q=RØRLEGGERFIRMA+VVS-PROFFEN+AS+NARVIK+epost,,,,Middels
S & S VVS AS,LODDEFJORD,920598137,VVS/Rørlegger,12,https://www.google.com/search?q=S+&+S+VVS+AS+LODDEFJORD+epost,,,,Middels
TM VVS ENTREPRENØR AS,DRAMMEN,922948925,VVS/Rørlegger,10,https://www.google.com/search?q=TM+VVS+ENTREPRENØR+AS+DRAMMEN+epost,,,,Middels
VVS EKSPERTEN ASKØY AS,FLORVÅG,924779497,VVS/Rørlegger,10,https://www.google.com/search?q=VVS+EKSPERTEN+ASKØY+AS+FLORVÅG+epost,,,,Middels
VVS RØRLEGGER'N TØNSBERG AS,SEM,931493779,VVS/Rørlegger,11,https://www.google.com/search?q=VVS+RØRLEGGER'N+TØNSBERG+AS+SEM+epost,,,,Middels
EMV BYGG OG VVS AS,TORP,921105347,VVS/Rørlegger,12,https://www.google.com/search?q=EMV+BYGG+OG+VVS+AS+TORP+epost,,,,Middels
HAGEN VVS OG KLIMA AS,BRUMUNDDAL,934548221,VVS/Rørlegger,15,https://www.google.com/search?q=HAGEN+VVS+OG+KLIMA+AS+BRUMUNDDAL+epost,,,,Middels
HAUG OG RUUD VVS AS,LILLEHAMMER,914737613,VVS/Rørlegger,41,https://www.google.com/search?q=HAUG+OG+RUUD+VVS+AS+LILLEHAMMER+epost,,,,Middels
ALFA OLIS GASS & VVS AS,OSLO,885415962,VVS/Rørlegger,22,https://www.google.com/search?q=ALFA+OLIS+GASS+&+VVS+AS+OSLO+epost,,,,Middels
BODØ VVS J WILLUMSEN AS,BODØ,933629015,VVS/Rørlegger,13,https://www.google.com/search?q=BODØ+VVS+J+WILLUMSEN+AS+BODØ+epost,,,,Middels
LINDÅS VVS NILS TRÆLAND AS,LINDÅS,915836445,VVS/Rørlegger,11,https://www.google.com/search?q=LINDÅS+VVS+NILS+TRÆLAND+AS+LINDÅS+epost,,,,Middels
AS RØRLEGGER,OSLO,815589602,VVS/Rørlegger,13,https://www.google.com/search?q=AS+RØRLEGGER+OSLO+epost,,,,Middels
AS RØRLEGGER,TILLER,939353224,VVS/Rørlegger,17,https://www.google.com/search?q=AS+RØRLEGGER+TILLER+epost,,,,Middels
RØRLEGGER 1 AS,TILLER,984072368,VVS/Rørlegger,17,https://www.google.com/search?q=RØRLEGGER+1+AS+TILLER+epost,,,,Middels
RØRLEGGER BERNTSEN AS,HAMMERFEST,960515978,VVS/Rørlegger,15,https://www.google.com/search?q=RØRLEGGER+BERNTSEN+AS+HAMMERFEST+epost,,,,Middels
RØRLEGGER BRAGER AS,SKAMMESTEIN,885158102,VVS/Rørlegger,10,https://www.google.com/search?q=RØRLEGGER+BRAGER+AS+SKAMMESTEIN+epost,,,,Middels
RØRLEGGER FRIGSTAD AS,KRISTIANSAND S,913026365,VVS/Rørlegger,11,https://www.google.com/search?q=RØRLEGGER+FRIGSTAD+AS+KRISTIANSAND S+epost,,,,Middels
RØRLEGGER HARALDSEID AS,SKJOLD,918816283,VVS/Rørlegger,14,https://www.google.com/search?q=RØRLEGGER+HARALDSEID+AS+SKJOLD+epost,,,,Middels
RØRLEGGER LIENE AS,FEVIK,929432479,VVS/Rørlegger,18,https://www.google.com/search?q=RØRLEGGER+LIENE+AS+FEVIK+epost,,,,Middels
RØRLEGGER SENTRALEN AS,OSLO,998942683,VVS/Rørlegger,20,https://www.google.com/search?q=RØRLEGGER+SENTRALEN+AS+OSLO+epost,,,,Middels
RØRLEGGER SUNDE AS,HAFRSFJORD,978662617,VVS/Rørlegger,30,https://www.google.com/search?q=RØRLEGGER+SUNDE+AS+HAFRSFJORD+epost,,,,Middels
DIN RØRLEGGER NARVIK AS,NARVIK,923888985,VVS/Rørlegger,13,https://www.google.com/search?q=DIN+RØRLEGGER+NARVIK+AS+NARVIK+epost,,,,Middels
RØRLEGGER 1 KRISTIANSUND AS,KRISTIANSUND N,990514232,VVS/Rørlegger,23,https://www.google.com/search?q=RØRLEGGER+1+KRISTIANSUND+AS+KRISTIANSUND N+epost,,,,Middels
RØRLEGGER 1 MOLDE AS,MOLDE,812573942,VVS/Rørlegger,21,https://www.google.com/search?q=RØRLEGGER+1+MOLDE+AS+MOLDE+epost,,,,Middels
