Bedrift,E-post,Fil
ALKHALED FRISØR,alkhaled.frisor@epost.mangler,email_til_ALKHALED_FRISØR.txt
ANDREASSEN FRISØR,andreassen.frisor@epost.mangler,email_til_ANDREASSEN_FRISØR.txt
AWAD FRISØR,awad.frisor@epost.mangler,email_til_AWAD_FRISØR.txt
BAKKENE FRISØR,bakkene.frisor@epost.mangler,email_til_BAKKENE_FRISØR.txt
BAXTER FRISØR,baxter.frisor@epost.mangler,email_til_BAXTER_FRISØR.txt
BOOK FRISØR,book.frisor@epost.mangler,email_til_BOOK_FRISØR.txt
ETTESTØL FRISØR,ettestol.frisor@epost.mangler,email_til_ETTESTØL_FRISØR.txt
FLOER FRISØR,floer.frisor@epost.mangler,email_til_FLOER_FRISØR.txt
FRISØR ALSAYEGH,frisor.alsayegh@epost.mangler,email_til_FRISØR_ALSAYEGH.txt
FRISØR FURUSETH,frisor.furuseth@epost.mangler,email_til_FRISØR_FURUSETH.txt
FRISØR MELKERSEN,frisor.melkersen@epost.mangler,email_til_FRISØR_MELKERSEN.txt
FRISØR NYSAND,frisor.nysand@epost.mangler,email_til_FRISØR_NYSAND.txt
FRISØR SAURE,frisor.saure@epost.mangler,email_til_FRISØR_SAURE.txt
FRISØR SVIRIDOV,frisor.sviridov@epost.mangler,email_til_FRISØR_SVIRIDOV.txt
FRISØR ØSTERN,frisor.ostern@epost.mangler,email_til_FRISØR_ØSTERN.txt
HOYVIK FRISØR,hoyvik.frisor@epost.mangler,email_til_HOYVIK_FRISØR.txt
HUSSEIN FRISØR,hussein.frisor@epost.mangler,email_til_HUSSEIN_FRISØR.txt
HUTI FRISØR,huti.frisor@epost.mangler,email_til_HUTI_FRISØR.txt
HØIER FRISØR,hoier.frisor@epost.mangler,email_til_HØIER_FRISØR.txt
IHLANG FRISØR,ihlang.frisor@epost.mangler,email_til_IHLANG_FRISØR.txt
